user,logon_count,http_count,activity_score
DTAA/AEG0905,690,20966,21656
DTAA/ABL0836,690,20394,21084
DTAA/ACD0647,690,20380,21070
DTAA/AFH0331,999,18773,19772
DTAA/AAR0508,690,18609,19299
DTAA/ACL0865,690,18502,19192
DTAA/AAK0924,690,18489,19179
DTAA/ACR0400,690,18228,18918
DTAA/ABS0726,788,18073,18861
DTAA/ABB0272,1195,17309,18504
DTAA/AFO0022,1091,17165,18256
DTAA/AFD0868,690,17363,18053
DTAA/AFR0646,690,17155,17845
DTAA/AIB0797,1068,16732,17800
DTAA/AAS0709,1004,16684,17688
DTAA/ACH0803,822,16738,17560
DTAA/ABH0963,690,16812,17502
DTAA/AAH0734,690,16740,17430
DTAA/ABG0179,690,16589,17279
DTAA/ABD0833,690,16568,17258
DTAA/ACM0061,690,16459,17149
DTAA/AJB0016,1135,15848,16983
DTAA/AEC0750,690,16280,16970
DTAA/AFN0918,1012,15107,16119
DTAA/AAC0599,690,14926,15616
DTAA/AAC0344,690,14884,15574
DTAA/AGF0088,690,14823,15513
DTAA/AHS0926,690,14734,15424
DTAA/AAK0658,690,14715,15405
DTAA/AID0577,690,14696,15386
DTAA/AMA0191,1035,14316,15351
DTAA/AJN0804,1204,14069,15273
DTAA/AGB0091,690,14434,15124
DTAA/ANC0012,967,13968,14935
DTAA/AJA0220,1129,13772,14901
DTAA/AJP0553,852,13986,14838
DTAA/AJC0203,690,14134,14824
DTAA/AEW0730,690,13939,14629
DTAA/AKA0033,690,13930,14620
DTAA/ARG0405,690,13912,14602
DTAA/AKS0283,1202,13360,14562
DTAA/BAM0466,722,13746,14468
DTAA/AJS0917,690,13682,14372
DTAA/AHV0103,950,13383,14333
DTAA/AGW0182,1224,13058,14282
DTAA/AHD0147,690,13308,13998
DTAA/AJB0370,987,12924,13911
DTAA/AMM0340,954,12931,13885
DTAA/ALN0201,690,13098,13788
DTAA/ARC0677,1131,12580,13711
DTAA/ALL0155,690,12877,13567
DTAA/AFG0122,916,12638,13554
DTAA/ARR0758,690,12831,13521
DTAA/ARB0050,690,12763,13453
DTAA/BCS0374,690,12751,13441
DTAA/ANS0172,690,12728,13418
DTAA/ASS0824,690,12667,13357
DTAA/ADR0219,690,12577,13267
DTAA/ALK0520,1141,11859,13000
DTAA/AMS0897,975,11929,12904
DTAA/AJS0978,690,12171,12861
DTAA/AGG0562,690,12161,12851
DTAA/AMH0101,690,11972,12662
DTAA/AIC0321,690,11778,12468
DTAA/BIM0736,690,11768,12458
DTAA/AMM0661,690,11740,12430
DTAA/ALW0250,690,11723,12413
DTAA/BFO0438,690,11700,12390
DTAA/AKW0582,1050,11310,12360
DTAA/BCJ0800,742,11561,12303
DTAA/BDI0634,690,11442,12132
DTAA/BBP0623,690,11420,12110
DTAA/BCH0912,690,11403,12093
DTAA/BCM0899,690,11336,12026
DTAA/ARR0977,1138,10873,12011
DTAA/ASV0049,1057,10938,11995
DTAA/AJC0266,1121,10825,11946
DTAA/ARK0026,712,11224,11936
DTAA/AJM0302,690,11074,11764
DTAA/BJM0311,690,10972,11662
DTAA/ALW0834,971,10659,11630
DTAA/ALS0087,690,10929,11619
DTAA/AKM0969,690,10795,11485
DTAA/AUM0365,993,10460,11453
DTAA/AKH0067,690,10750,11440
DTAA/BKM0116,1139,10287,11426
DTAA/ALW0694,966,10450,11416
DTAA/BCR0547,690,10719,11409
DTAA/AKP0173,690,10707,11397
DTAA/ALC0244,690,10703,11393
DTAA/BAF0379,870,10477,11347
DTAA/ARP0948,690,10656,11346
DTAA/BAK0787,690,10628,11318
DTAA/BCV0109,690,10623,11313
DTAA/AXB0007,690,10585,11275
DTAA/AOC0511,690,10578,11268
DTAA/ANW0351,690,10548,11238
DTAA/AMM0830,690,10543,11233
DTAA/ASR0539,690,10498,11188
DTAA/BBM0499,926,10257,11183
DTAA/AZS0738,690,10493,11183
DTAA/BAE0444,690,10483,11173
DTAA/ARW0541,690,10482,11172
DTAA/BCG0692,690,10480,11170
DTAA/ATJ0284,702,10448,11150
DTAA/BAH0774,690,10454,11144
DTAA/BBH0313,690,10432,11122
DTAA/AMD0432,690,10416,11106
DTAA/BAB0505,690,10415,11105
DTAA/AZC0030,744,10184,10928
DTAA/BFV0911,690,10160,10850
DTAA/BLS0098,754,10024,10778
DTAA/ASC0132,798,9960,10758
DTAA/ARS0993,4772,5908,10680
DTAA/BGV0046,1003,9654,10657
DTAA/BJC0569,957,9650,10607
DTAA/BIR0534,1300,9176,10476
DTAA/BJM0992,4906,5532,10438
DTAA/AMA0606,800,9618,10418
DTAA/ASO0023,1184,9210,10394
DTAA/ARM0416,971,9409,10380
DTAA/BKH0156,690,9553,10243
DTAA/BCM0558,972,9155,10127
DTAA/BGF0236,977,9113,10090
DTAA/BCG0303,690,9393,10083
DTAA/ARF0269,690,9388,10078
DTAA/BCB0013,690,9327,10017
DTAA/BCW0386,690,9316,10006
DTAA/ARB0100,678,9314,9992
DTAA/AWB0828,690,9265,9955
DTAA/APC0769,690,9234,9924
DTAA/ASP0799,690,9196,9886
DTAA/ARR0878,690,9102,9792
DTAA/BDH0038,1106,8536,9642
DTAA/BML0618,690,8909,9599
DTAA/BNM0353,977,8095,9072
DTAA/BLB0079,1144,7710,8854
DTAA/BNN0072,690,8120,8810
DTAA/BNG0510,690,8033,8723
DTAA/BMK0943,973,7647,8620
DTAA/BPC0533,1104,7428,8532
DTAA/CAC0854,996,7390,8386
DTAA/BTW0973,1094,7196,8290
DTAA/BGN0054,690,7528,8218
DTAA/BNL0480,690,7342,8032
DTAA/BMR0596,690,7319,8009
DTAA/CBB0075,972,6989,7961
DTAA/BQW0149,690,7239,7929
DTAA/AAA0371,843,7085,7928
DTAA/BSM0334,690,7103,7793
DTAA/CBP0628,690,6833,7523
DTAA/BMS0001,690,6567,7257
DTAA/BRB0908,690,6491,7181
DTAA/BSG0869,690,6461,7151
DTAA/CGM0994,5110,2005,7115
DTAA/BWS0872,1080,5992,7072
DTAA/BVM0716,690,6318,7008
DTAA/CBR0439,972,5963,6935
DTAA/BZH0120,690,6244,6934
DTAA/CAH0610,690,6039,6729
DTAA/IRC0991,5015,1656,6671
DTAA/CBR0104,1009,5603,6612
DTAA/BYB0347,967,5636,6603
DTAA/ELD1000,4900,1640,6540
DTAA/BTH0358,690,5794,6484
DTAA/BMR0412,1189,5253,6442
DTAA/CBC0653,690,5747,6437
DTAA/CAV0757,690,5722,6412
DTAA/CLB0995,4836,1539,6375
DTAA/BZM0434,690,5654,6344
DTAA/DSM0990,4986,1299,6285
DTAA/CLN0999,4908,1322,6230
DTAA/CRC0996,4830,1377,6207
DTAA/CAR0015,970,5225,6195
DTAA/CAW0976,955,5186,6141
DTAA/CAH0921,690,5402,6092
DTAA/KEE0997,4942,970,5912
DTAA/JCC0998,4980,893,5873
DTAA/JTT0989,4864,999,5863
DTAA/BPB0808,1092,4725,5817
DTAA/BXY0648,690,5065,5755
DTAA/CAM0975,690,4720,5410
DTAA/CDE0810,974,4418,5392
DTAA/CCB0366,690,4690,5380
DTAA/CGC0877,690,4673,5363
DTAA/CAO0951,690,4548,5238
DTAA/CBH0762,690,4437,5127
DTAA/CBR0208,690,4364,5054
DTAA/CCG0876,988,3946,4934
DTAA/CDE0193,1023,3839,4862
DTAA/CDS0110,975,3822,4797
DTAA/CCA0349,690,4096,4786
DTAA/CGM0343,1247,3484,4731
DTAA/CCH0497,690,4040,4730
DTAA/CDZ0056,1342,3332,4674
DTAA/CGT0183,690,3922,4612
DTAA/CGM0319,1097,3475,4572
DTAA/CKR0296,953,3574,4527
DTAA/CDK0329,720,3801,4521
DTAA/CCB0496,975,3444,4419
DTAA/CDS0300,690,3614,4304
DTAA/CHS0324,1090,3189,4279
DTAA/CHA0174,1276,2999,4275
DTAA/CJW0317,1185,3074,4259
DTAA/CDF0585,690,3489,4179
DTAA/DCB0462,1005,3162,4167
DTAA/CMF0339,1112,3050,4162
DTAA/CWG0305,1081,3032,4113
DTAA/CTH0082,804,3186,3990
DTAA/CDR0453,690,3282,3972
DTAA/CLK0383,1090,2724,3814
DTAA/CVW0133,1054,2737,3791
DTAA/LCK0666,1094,2691,3785
DTAA/EDH0146,1150,2624,3774
DTAA/DDD0915,1005,2761,3766
DTAA/GHC0041,984,2770,3754
DTAA/CNS0950,690,3040,3730
DTAA/HNR0891,960,2750,3710
DTAA/CMC0814,690,2967,3657
DTAA/DDK0417,1278,2379,3657
DTAA/CHM0645,826,2829,3655
DTAA/DMR0377,1214,2434,3648
DTAA/CYK0330,1089,2555,3644
DTAA/CRF0074,965,2660,3625
DTAA/KFF0225,690,2932,3622
DTAA/CSB0363,690,2900,3590
DTAA/CEB0718,690,2887,3577
DTAA/JGC0775,1090,2484,3574
DTAA/JCC0140,1206,2351,3557
DTAA/CTF0687,788,2737,3525
DTAA/GKC0919,740,2763,3503
DTAA/CGH0125,690,2799,3489
DTAA/OYR0801,1096,2388,3484
DTAA/LBB0095,1232,2252,3484
DTAA/HJP0784,955,2526,3481
DTAA/FDP0500,1150,2330,3480
DTAA/EGM0401,1007,2471,3478
DTAA/HDR0261,968,2504,3472
DTAA/CJG0638,1198,2272,3470
DTAA/DNS0937,1149,2312,3461
DTAA/DJC0162,690,2768,3458
DTAA/DBB0235,1036,2421,3457
DTAA/JHC0703,716,2728,3444
DTAA/COS0121,1284,2155,3439
DTAA/DJW0368,1064,2364,3428
DTAA/LDB0961,1087,2331,3418
DTAA/IKH0904,1233,2169,3402
DTAA/GWS0381,690,2709,3399
DTAA/DDW0643,970,2419,3389
DTAA/CPM0959,690,2690,3380
DTAA/GTR0327,690,2689,3379
DTAA/EDW0137,690,2688,3378
DTAA/CGR0202,690,2686,3376
DTAA/EMZ0196,1054,2319,3373
DTAA/DRN0845,1190,2178,3368
DTAA/LAT0452,690,2676,3366
DTAA/KJM0614,950,2409,3359
DTAA/KGS0398,1111,2243,3354
DTAA/SRN0275,1131,2221,3352
DTAA/HCG0731,1245,2102,3347
DTAA/EFS0114,690,2650,3340
DTAA/CPS0559,974,2354,3328
DTAA/DAW0221,720,2608,3328
DTAA/GCH0545,690,2629,3319
DTAA/CKW0622,690,2622,3312
DTAA/HIB0604,690,2622,3312
DTAA/JQH0724,690,2617,3307
DTAA/HCC0258,1198,2106,3304
DTAA/SJH0588,1117,2185,3302
DTAA/FKR0550,1211,2091,3302
DTAA/IMB0473,1028,2270,3298
DTAA/FAF0578,690,2604,3294
DTAA/JJR0278,1132,2161,3293
DTAA/CSC0297,1035,2255,3290
DTAA/CSA0071,690,2598,3288
DTAA/JBA0373,1022,2265,3287
DTAA/HSH0981,690,2597,3287
DTAA/CPP0761,702,2584,3286
DTAA/JGB0062,1005,2277,3282
DTAA/HNS0858,1169,2111,3280
DTAA/MIH0429,690,2589,3279
DTAA/HDR0823,1216,2062,3278
DTAA/HKM0260,1048,2228,3276
DTAA/LMH0690,690,2585,3275
DTAA/DCF0307,690,2583,3273
DTAA/LVC0027,690,2582,3272
DTAA/PJL0320,1120,2149,3269
DTAA/DGM0240,1206,2062,3268
DTAA/MSV0506,1074,2194,3268
DTAA/CLS0819,690,2575,3265
DTAA/HAG0649,1149,2111,3260
DTAA/ESB0080,965,2291,3256
DTAA/FMF0197,690,2560,3250
DTAA/MCM0346,1112,2137,3249
DTAA/JAH0544,1209,2040,3249
DTAA/DDJ0535,690,2559,3249
DTAA/DAG0754,973,2273,3246
DTAA/CLP0332,974,2269,3243
DTAA/CSD0739,690,2553,3243
DTAA/HTG0554,690,2552,3242
DTAA/GJH0384,690,2549,3239
DTAA/JCG0817,690,2541,3231
DTAA/ENP0794,690,2540,3230
DTAA/BMM0247,518,2711,3229
DTAA/KMG0002,690,2530,3220
DTAA/DSH0627,728,2491,3219
DTAA/PCM0846,1151,2068,3219
DTAA/MIC0914,1269,1948,3217
DTAA/HBF0035,954,2259,3213
DTAA/HBL0517,984,2207,3191
DTAA/IAG0152,746,2441,3187
DTAA/TKH0211,1091,2093,3184
DTAA/DFW0798,954,2221,3175
DTAA/SKL0881,974,2195,3169
DTAA/KMW0755,690,2478,3168
DTAA/MMH0581,1008,2160,3168
DTAA/PKM0092,1038,2119,3157
DTAA/DBF0903,1193,1963,3156
DTAA/HTC0607,1198,1958,3156
DTAA/DME0620,690,2465,3155
DTAA/ELA0741,969,2186,3155
DTAA/NGC0624,1080,2067,3147
DTAA/MVW0630,1120,2026,3146
DTAA/IIR0475,974,2167,3141
DTAA/DRO0126,988,2153,3141
DTAA/DTD0380,972,2162,3134
DTAA/GRG0693,768,2364,3132
DTAA/JXC0393,1108,2021,3129
DTAA/KKW0676,971,2154,3125
DTAA/KBC0788,690,2434,3124
DTAA/JIP0187,690,2432,3122
DTAA/JHD0512,1196,1923,3119
DTAA/OHW0215,690,2429,3119
DTAA/NRS0477,690,2428,3118
DTAA/FUA0154,1073,2043,3116
DTAA/DRH0790,690,2421,3111
DTAA/KKT0039,1192,1919,3111
DTAA/DCC0600,826,2281,3107
DTAA/LTB0150,690,2414,3104
DTAA/OJG0866,690,2411,3101
DTAA/HED0802,1137,1961,3098
DTAA/DST0857,690,2403,3093
DTAA/CKB0536,690,2402,3092
DTAA/LTM0418,1187,1902,3089
DTAA/GDG0184,1064,2023,3087
DTAA/LCP0359,690,2394,3084
DTAA/DNM0143,690,2389,3079
DTAA/EOS0972,1242,1836,3078
DTAA/EKB0587,690,2388,3078
DTAA/LRH0747,1193,1884,3077
DTAA/MMF0289,1180,1897,3077
DTAA/ODW0839,730,2345,3075
DTAA/PIP0746,1019,2056,3075
DTAA/MTM0239,690,2383,3073
DTAA/OJH0425,1096,1975,3071
DTAA/IMF0700,690,2381,3071
DTAA/KLS0717,1081,1990,3071
DTAA/EEB0134,975,2095,3070
DTAA/KSB0673,984,2084,3068
DTAA/JCT0410,974,2094,3068
DTAA/DIS0382,1136,1930,3066
DTAA/KRC0455,1193,1872,3065
DTAA/JCS0873,1070,1991,3061
DTAA/NHH0566,1044,2015,3059
DTAA/HCP0315,971,2086,3057
DTAA/CCM0827,841,2212,3053
DTAA/NFD0706,1153,1899,3052
DTAA/DRP0428,1132,1918,3050
DTAA/LQA0232,956,2094,3050
DTAA/EGG0294,690,2356,3046
DTAA/GDJ0631,970,2075,3045
DTAA/LCK0551,690,2355,3045
DTAA/CMM0900,690,2350,3040
DTAA/KCN0107,690,2345,3035
DTAA/EBP0037,724,2309,3033
DTAA/EML0060,690,2342,3032
DTAA/JDR0685,1114,1916,3030
DTAA/EMR0242,834,2196,3030
DTAA/JBL0450,754,2275,3029
DTAA/MDT0356,1127,1899,3026
DTAA/LJR0772,820,2204,3024
DTAA/SGG0584,963,2061,3024
DTAA/GSL0697,750,2274,3024
DTAA/GLB0715,1140,1883,3023
DTAA/IGC0415,690,2328,3018
DTAA/RZW0369,961,2054,3015
DTAA/JSB0493,990,2022,3012
DTAA/CRJ0934,690,2322,3012
DTAA/VAH0262,1095,1914,3009
DTAA/ZAB0889,1061,1947,3008
DTAA/KAD0059,1118,1888,3006
DTAA/MEV0886,1040,1965,3005
DTAA/GMF0571,970,2034,3004
DTAA/STF0145,1080,1923,3003
DTAA/ZKE0662,969,2034,3003
DTAA/DAR0341,690,2311,3001
DTAA/GHS0664,690,2310,3000
DTAA/PMB0702,1061,1938,2999
DTAA/DSB0887,712,2283,2995
DTAA/RBB0229,690,2303,2993
DTAA/CSR0189,766,2223,2989
DTAA/RBC0879,1079,1908,2987
DTAA/GYB0248,690,2296,2986
DTAA/HOO0224,690,2294,2984
DTAA/CNT0514,690,2288,2978
DTAA/MAM0947,690,2287,2977
DTAA/JGS0274,690,2285,2975
DTAA/FHM0931,720,2255,2975
DTAA/FNO0471,690,2283,2973
DTAA/HSR0472,974,1996,2970
DTAA/HSD0519,1083,1886,2969
DTAA/HTS0265,914,2054,2968
DTAA/DEP0563,690,2276,2966
DTAA/NJS0448,954,2004,2958
DTAA/JNF0543,1073,1885,2958
DTAA/KSW0597,690,2262,2952
DTAA/RVS0852,1208,1742,2950
DTAA/CTH0856,804,2144,2948
DTAA/JKW0464,690,2254,2944
DTAA/KDC0928,690,2253,2943
DTAA/MJF0892,1151,1791,2942
DTAA/ECM0214,1142,1797,2939
DTAA/GMS0949,690,2247,2937
DTAA/GHB0863,993,1938,2931
DTAA/MCR0375,1028,1902,2930
DTAA/JZV0159,690,2240,2930
DTAA/GNH0394,1044,1885,2929
DTAA/KKW0945,999,1926,2925
DTAA/KAG0880,1187,1734,2921
DTAA/KRC0021,1212,1708,2920
DTAA/DAV0579,974,1946,2920
DTAA/JPP0841,690,2230,2920
DTAA/HNK0421,690,2227,2917
DTAA/JXG0567,690,2224,2914
DTAA/DCM0725,690,2223,2913
DTAA/JAD0531,760,2153,2913
DTAA/QNC0832,1188,1724,2912
DTAA/IHF0040,974,1937,2911
DTAA/JMM0759,1144,1764,2908
DTAA/FFP0721,994,1911,2905
DTAA/HCJ0171,794,2108,2902
DTAA/MJM0469,972,1928,2900
DTAA/DOO0986,690,2209,2899
DTAA/KBC0337,690,2209,2899
DTAA/DBG0686,690,2209,2899
DTAA/NAC0161,1132,1766,2898
DTAA/QGF0292,1157,1741,2898
DTAA/LCG0011,690,2208,2898
DTAA/JLC0711,975,1922,2897
DTAA/QKR0651,830,2065,2895
DTAA/DRD0916,690,2204,2894
DTAA/JBS0483,973,1921,2894
DTAA/HKG0503,690,2204,2894
DTAA/NJM0476,690,2196,2886
DTAA/JHA0404,1204,1680,2884
DTAA/DLM0723,922,1961,2883
DTAA/IAC0264,690,2191,2881
DTAA/HRK0729,690,2190,2880
DTAA/SLM0781,973,1906,2879
DTAA/NDS0490,878,2000,2878
DTAA/ECB0185,766,2110,2876
DTAA/JHM0408,974,1902,2876
DTAA/JJB0720,690,2179,2869
DTAA/IMD0280,690,2178,2868
DTAA/END0616,690,2175,2865
DTAA/JDM0940,690,2169,2859
DTAA/DXM0213,690,2169,2859
DTAA/PTH0957,690,2167,2857
DTAA/IJG0454,690,2165,2855
DTAA/KPC0158,690,2163,2853
DTAA/EJS0513,969,1883,2852
DTAA/MXM0271,1206,1645,2851
DTAA/PSP0555,1205,1645,2850
DTAA/MDS0742,690,2159,2849
DTAA/NWC0765,690,2153,2843
DTAA/MCH0530,1225,1615,2840
DTAA/NHL0521,1058,1781,2839
DTAA/PAG0557,690,2145,2835
DTAA/VAP0168,962,1871,2833
DTAA/NMR0621,973,1857,2830
DTAA/RDG0350,690,2139,2829
DTAA/MBZ0932,690,2138,2828
DTAA/QNK0574,690,2136,2826
DTAA/EAM0745,690,2135,2825
DTAA/MAH0712,690,2131,2821
DTAA/MMH0612,983,1837,2820
DTAA/PXB0069,981,1839,2820
DTAA/RME0699,1126,1693,2819
DTAA/CMU0028,690,2128,2818
DTAA/JSH0326,975,1842,2817
DTAA/VNM0127,768,2049,2817
DTAA/DKB0409,690,2120,2810
DTAA/TSM0130,962,1846,2808
DTAA/GYT0279,1057,1748,2805
DTAA/DKR0696,690,2113,2803
DTAA/JMC0233,976,1826,2802
DTAA/NBT0479,969,1832,2801
DTAA/KNC0403,690,2110,2800
DTAA/ECD0029,668,2129,2797
DTAA/MTC0538,690,2106,2796
DTAA/KDL0806,1211,1584,2795
DTAA/LCC0556,690,2104,2794
DTAA/SDC0032,1121,1673,2794
DTAA/FCT0552,690,2103,2793
DTAA/GRS0372,1131,1658,2789
DTAA/MED0748,690,2097,2787
DTAA/JLL0301,796,1982,2778
DTAA/FCG0115,690,2084,2774
DTAA/HBB0402,1132,1639,2771
DTAA/HCR0525,690,2081,2771
DTAA/DRM0312,971,1799,2770
DTAA/TPC0102,1199,1570,2769
DTAA/LAH0710,690,2078,2768
DTAA/KCH0987,690,2076,2766
DTAA/DFZ0063,1080,1685,2765
DTAA/RIM0938,690,2075,2765
DTAA/FJC0138,690,2074,2764
DTAA/TUA0298,1149,1614,2763
DTAA/KTC0285,690,2070,2760
DTAA/HLA0457,690,2068,2758
DTAA/HAS0430,972,1782,2754
DTAA/YQW0689,1106,1646,2752
DTAA/TRB0414,1148,1603,2751
DTAA/LID0942,1070,1680,2750
DTAA/PKM0411,690,2058,2748
DTAA/EWR0504,987,1758,2745
DTAA/SAP0304,1036,1707,2743
DTAA/SSC0047,972,1770,2742
DTAA/RQH0770,1012,1729,2741
DTAA/MOA0526,690,2046,2736
DTAA/GKJ0573,690,2045,2735
DTAA/SHR0025,1207,1528,2735
DTAA/RXE0207,1019,1715,2734
DTAA/HFC0680,690,2043,2733
DTAA/DBM0698,961,1771,2732
DTAA/JIH0640,690,2041,2731
DTAA/MCF0427,752,1979,2731
DTAA/GEC0077,690,2040,2730
DTAA/NSC0842,1086,1643,2729
DTAA/ZKH0388,1066,1663,2729
DTAA/DSS0112,971,1754,2725
DTAA/SFS0308,690,2033,2723
DTAA/FIM0668,690,2033,2723
DTAA/JMP0200,690,2031,2721
DTAA/KBB0983,690,2029,2719
DTAA/SND0611,690,2025,2715
DTAA/RLW0861,690,2025,2715
DTAA/JSE0020,1133,1580,2713
DTAA/LAH0397,690,2022,2712
DTAA/MSP0078,690,2020,2710
DTAA/EDG0766,690,2020,2710
DTAA/GBR0420,975,1734,2709
DTAA/SAS0601,690,2017,2707
DTAA/LND0767,690,2017,2707
DTAA/QCD0829,963,1741,2704
DTAA/NDM0893,1073,1630,2703
DTAA/LDG0406,999,1704,2703
DTAA/HEG0785,690,2010,2700
DTAA/MTS0084,690,2009,2699
DTAA/SML0486,957,1741,2698
DTAA/ERP0254,768,1927,2695
DTAA/VFP0669,1189,1506,2695
DTAA/QZD0164,970,1721,2691
DTAA/OBF0564,690,2001,2691
DTAA/KVH0355,954,1736,2690
DTAA/LBD0946,690,1998,2688
DTAA/RBY0065,838,1850,2688
DTAA/RJP0286,690,1993,2683
DTAA/MBR0166,1012,1669,2681
DTAA/RJP0345,971,1709,2680
DTAA/VUF0522,955,1723,2678
DTAA/IGB0310,690,1988,2678
DTAA/JLL0930,690,1987,2677
DTAA/MND0675,690,1986,2676
DTAA/FLC0811,690,1985,2675
DTAA/OSS0859,964,1709,2673
DTAA/IMD0776,690,1982,2672
DTAA/RER0237,961,1710,2671
DTAA/JRP0458,690,1980,2670
DTAA/KIM0617,690,1978,2668
DTAA/PAC0722,690,1977,2667
DTAA/JLC0744,788,1879,2667
DTAA/CNB0615,690,1976,2666
DTAA/TTG0637,690,1976,2666
DTAA/MGB0728,690,1976,2666
DTAA/DOC0003,690,1975,2665
DTAA/HWG0148,973,1692,2665
DTAA/GRC0474,971,1693,2664
DTAA/HKO0796,690,1972,2662
DTAA/XIN0791,720,1942,2662
DTAA/GNB0481,690,1969,2659
DTAA/GJG0820,690,1964,2654
DTAA/HSM0389,973,1680,2653
DTAA/RDH0117,690,1963,2653
DTAA/PMG0890,690,1962,2652
DTAA/MCF0985,959,1690,2649
DTAA/JDM0083,690,1957,2647
DTAA/JBS0654,690,1955,2645
DTAA/GVH0277,722,1923,2645
DTAA/KNH0719,690,1954,2644
DTAA/UBH0964,968,1675,2643
DTAA/TKG0523,690,1950,2640
DTAA/NKM0018,956,1683,2639
DTAA/DNH0619,690,1947,2637
DTAA/OKG0160,996,1640,2636
DTAA/LJU0036,690,1946,2636
DTAA/NZD0771,690,1945,2635
DTAA/RRL0780,956,1675,2631
DTAA/SCB0529,690,1938,2628
DTAA/MSM0226,1018,1610,2628
DTAA/PVW0713,690,1934,2624
DTAA/WCN0570,742,1881,2623
DTAA/KES0043,690,1932,2622
DTAA/OBD0786,975,1646,2621
DTAA/MXM0838,971,1647,2618
DTAA/OES0636,690,1928,2618
DTAA/JCL0752,690,1927,2617
DTAA/NIC0901,690,1925,2615
DTAA/UAD0165,690,1921,2611
DTAA/TGC0670,1145,1464,2609
DTAA/NJW0094,690,1919,2609
DTAA/FGM0119,690,1918,2608
DTAA/OAR0291,970,1637,2607
DTAA/SAH0192,1080,1526,2606
DTAA/HJK0057,954,1652,2606
DTAA/HPF0958,690,1913,2603
DTAA/RKC0733,690,1911,2601
DTAA/JZO0727,1053,1546,2599
DTAA/WKH0407,954,1644,2598
DTAA/MJP0603,690,1907,2597
DTAA/JSH0598,690,1907,2597
DTAA/SSH0085,690,1904,2594
DTAA/SWM0768,690,1903,2593
DTAA/KSP0927,806,1786,2592
DTAA/MFN0656,690,1901,2591
DTAA/JAC0390,690,1900,2590
DTAA/SLC0778,964,1626,2590
DTAA/SKW0871,972,1617,2589
DTAA/PFF0657,690,1897,2587
DTAA/KTM0960,690,1894,2584
DTAA/RLS0935,690,1894,2584
DTAA/JFA0081,690,1893,2583
DTAA/ECB0494,690,1891,2581
DTAA/KKC0575,690,1891,2581
DTAA/JAM0392,1000,1580,2580
DTAA/MGF0743,690,1890,2580
DTAA/JMA0875,690,1889,2579
DTAA/DRO0516,690,1889,2579
DTAA/MCR0314,690,1885,2575
DTAA/LEH0561,690,1884,2574
DTAA/BHH0460,282,2292,2574
DTAA/SCJ0498,969,1593,2562
DTAA/LCG0546,973,1587,2560
DTAA/XKR0971,690,1868,2558
DTAA/KRD0507,951,1606,2557
DTAA/RLC0442,778,1777,2555
DTAA/MVL0885,690,1864,2554
DTAA/WOT0549,1163,1390,2553
DTAA/RAC0282,993,1559,2552
DTAA/MPA0136,690,1862,2552
DTAA/EDC0357,690,1860,2550
DTAA/WLB0169,958,1589,2547
DTAA/EDR0642,690,1855,2545
DTAA/OIR0424,690,1854,2544
DTAA/NET0306,690,1854,2544
DTAA/RWD0210,690,1853,2543
DTAA/LPG0099,1109,1433,2542
DTAA/KUC0848,690,1851,2541
DTAA/RKD0255,690,1850,2540
DTAA/WBW0591,690,1848,2538
DTAA/SJC0487,890,1646,2536
DTAA/WCM0391,690,1843,2533
DTAA/KEH0055,690,1843,2533
DTAA/NEP0644,690,1838,2528
DTAA/SBB0044,690,1835,2525
DTAA/QOH0361,946,1579,2525
DTAA/MQL0135,1056,1468,2524
DTAA/IAH0822,999,1522,2521
DTAA/WNS0816,976,1544,2520
DTAA/NMC0251,724,1795,2519
DTAA/SHT0953,690,1828,2518
DTAA/IVF0777,690,1825,2515
DTAA/SBM0217,690,1823,2513
DTAA/MJM0228,704,1804,2508
DTAA/CZB0163,690,1818,2508
DTAA/DBA0367,690,1818,2508
DTAA/RDT0659,963,1544,2507
DTAA/QLW0941,1153,1353,2506
DTAA/YCB0005,970,1536,2506
DTAA/MLC0238,690,1812,2502
DTAA/SLG0008,690,1809,2499
DTAA/MWH0853,690,1806,2496
DTAA/SGS0352,690,1804,2494
DTAA/RJW0590,690,1803,2493
DTAA/JMS0793,690,1802,2492
DTAA/RBC0583,1168,1324,2492
DTAA/SDL0679,690,1800,2490
DTAA/SCW0707,1155,1334,2489
DTAA/VFT0014,690,1795,2485
DTAA/USB0641,668,1816,2484
DTAA/RAH0968,836,1648,2484
DTAA/NHL0253,1212,1271,2483
DTAA/MAG0290,740,1741,2481
DTAA/SJB0751,690,1791,2481
DTAA/RLC0019,690,1789,2479
DTAA/VMA0051,996,1483,2479
DTAA/SMC0139,910,1569,2479
DTAA/RVM0826,690,1787,2477
DTAA/EBS0287,972,1503,2475
DTAA/EMM0782,690,1784,2474
DTAA/LPB0141,690,1784,2474
DTAA/LNM0509,690,1782,2472
DTAA/SKP0270,690,1780,2470
DTAA/KIN0073,916,1554,2470
DTAA/EAR0695,690,1779,2469
DTAA/WGL0515,690,1778,2468
DTAA/HRT0737,688,1779,2467
DTAA/NRM0093,734,1733,2467
DTAA/SPK0818,1003,1462,2465
DTAA/PJS0809,914,1548,2462
DTAA/EJB0888,690,1772,2462
DTAA/ECG0753,690,1771,2461
DTAA/ENB0293,690,1767,2457
DTAA/MAB0532,794,1663,2457
DTAA/LYC0672,690,1767,2457
DTAA/NJH0593,690,1767,2457
DTAA/SSC0387,690,1766,2456
DTAA/LRS0325,690,1766,2456
DTAA/SSH0144,1144,1310,2454
DTAA/PCS0097,690,1763,2453
DTAA/PDS0896,690,1763,2453
DTAA/YVF0045,1177,1275,2452
DTAA/NCW0246,973,1478,2451
DTAA/ORW0580,690,1761,2451
DTAA/OHA0451,690,1760,2450
DTAA/XCB0445,814,1635,2449
DTAA/XQW0354,1148,1300,2448
DTAA/RRF0245,690,1757,2447
DTAA/FES0933,690,1756,2446
DTAA/MSH0322,690,1755,2445
DTAA/JSW0180,1001,1443,2444
DTAA/OZM0468,690,1754,2444
DTAA/DWB0426,690,1754,2444
DTAA/TXR0884,690,1749,2439
DTAA/JMR0955,690,1748,2438
DTAA/ZGH0528,972,1465,2437
DTAA/PIG0194,690,1745,2435
DTAA/WDW0485,1096,1338,2434
DTAA/OTS0256,690,1738,2428
DTAA/IHD0259,690,1736,2426
DTAA/MKG0273,690,1736,2426
DTAA/ITC0131,690,1735,2425
DTAA/LAM0952,690,1730,2420
DTAA/LJB0492,690,1730,2420
DTAA/SJC0735,690,1729,2419
DTAA/MVP0572,988,1429,2417
DTAA/DST0527,690,1727,2417
DTAA/UCM0106,690,1725,2415
DTAA/NAW0939,690,1725,2415
DTAA/QVM0338,690,1724,2414
DTAA/LAW0437,690,1724,2414
DTAA/XXD0650,690,1724,2414
DTAA/ZKN0548,690,1723,2413
DTAA/ULB0178,1002,1411,2413
DTAA/RLS0966,690,1717,2407
DTAA/SBH0674,1091,1315,2406
DTAA/SER0835,690,1716,2406
DTAA/WFH0909,690,1715,2405
DTAA/RLE0844,690,1715,2405
DTAA/MKN0234,690,1715,2405
DTAA/ONB0177,962,1439,2401
DTAA/UBB0186,690,1711,2401
DTAA/STC0066,690,1711,2401
DTAA/QAM0113,690,1709,2399
DTAA/PML0209,690,1707,2397
DTAA/ROC0257,690,1705,2395
DTAA/NWG0682,690,1701,2391
DTAA/SAO0167,690,1700,2390
DTAA/IMW0965,690,1700,2390
DTAA/KSO0749,690,1699,2389
DTAA/LBC0422,690,1699,2389
DTAA/PUH0847,792,1594,2386
DTAA/TSC0431,690,1695,2385
DTAA/SOG0461,690,1695,2385
DTAA/LGV0288,690,1692,2382
DTAA/UMB0449,998,1383,2381
DTAA/UJC0849,690,1690,2380
DTAA/YCD0922,690,1690,2380
DTAA/SVC0175,690,1685,2375
DTAA/IVS0463,690,1684,2374
DTAA/XRP0435,690,1681,2371
DTAA/IWM0482,690,1681,2371
DTAA/WAH0813,690,1679,2369
DTAA/VCG0663,1147,1220,2367
DTAA/SML0086,949,1418,2367
DTAA/PVH0124,690,1673,2363
DTAA/YSH0268,690,1667,2357
DTAA/TAO0639,738,1613,2351
DTAA/XHN0227,690,1660,2350
DTAA/YLO0362,690,1659,2349
DTAA/XGB0052,690,1658,2348
DTAA/REK0484,678,1669,2347
DTAA/RSJ0328,690,1656,2346
DTAA/MDC0595,690,1655,2345
DTAA/KMC0840,690,1652,2342
DTAA/TEG0502,690,1652,2342
DTAA/LLK0316,690,1650,2340
DTAA/RKC0190,690,1650,2340
DTAA/MNB0956,748,1590,2338
DTAA/DAO0613,818,1519,2337
DTAA/MHM0988,690,1647,2337
DTAA/WMJ0364,971,1362,2333
DTAA/RAY0882,966,1363,2329
DTAA/PRR0982,690,1639,2329
DTAA/MBD0602,690,1637,2327
DTAA/SLM0589,690,1637,2327
DTAA/MSK0862,690,1637,2327
DTAA/OZD0789,690,1636,2326
DTAA/ICF0629,690,1632,2322
DTAA/WJG0153,971,1350,2321
DTAA/SDR0010,690,1626,2316
DTAA/RJP0874,690,1624,2314
DTAA/RAA0594,690,1623,2313
DTAA/LIB0089,690,1621,2311
DTAA/ZCA0652,974,1337,2311
DTAA/THB0783,690,1615,2305
DTAA/PRH0825,690,1615,2305
DTAA/WDW0064,690,1612,2302
DTAA/HCM0681,1101,1201,2302
DTAA/NDH0524,690,1610,2300
DTAA/HCR0795,690,1607,2297
DTAA/RSG0385,690,1606,2296
DTAA/MIK0034,1089,1207,2296
DTAA/NQC0925,690,1606,2296
DTAA/SVM0756,690,1602,2292
DTAA/WSL0470,971,1319,2290
DTAA/YCB0967,690,1598,2288
DTAA/NJD0267,690,1598,2288
DTAA/VBW0447,690,1597,2287
DTAA/KNJ0633,690,1596,2286
DTAA/SKB0263,690,1595,2285
DTAA/WAB0970,690,1595,2285
DTAA/NNS0898,690,1595,2285
DTAA/MWJ0837,690,1591,2281
DTAA/ECT0491,690,1591,2281
DTAA/KPS0299,690,1585,2275
DTAA/MCC0851,690,1584,2274
DTAA/NSD0763,690,1584,2274
DTAA/SDM0333,690,1583,2273
DTAA/TRP0068,690,1577,2267
DTAA/MZB0206,690,1575,2265
DTAA/NSP0910,862,1401,2263
DTAA/SSB0151,690,1571,2261
DTAA/JWW0076,690,1564,2254
DTAA/WPH0764,690,1562,2252
DTAA/VFS0231,690,1556,2246
DTAA/NTO0396,690,1554,2244
DTAA/TJP0714,1030,1212,2242
DTAA/SBC0360,690,1550,2240
DTAA/UMK0142,690,1550,2240
DTAA/RCR0864,690,1549,2239
DTAA/NJC0459,690,1549,2239
DTAA/ZBH0980,690,1549,2239
DTAA/ONQ0625,690,1548,2238
DTAA/TLV0936,690,1546,2236
DTAA/NLD0701,690,1545,2235
DTAA/SJH0907,690,1538,2228
DTAA/SJA0691,1006,1222,2228
DTAA/MJK0212,690,1537,2227
DTAA/KYH0920,690,1529,2219
DTAA/PCO0684,690,1527,2217
DTAA/PRB0157,690,1527,2217
DTAA/SIP0805,690,1523,2213
DTAA/YCV0635,690,1522,2212
DTAA/LAL0170,690,1518,2208
DTAA/NNB0443,969,1236,2205
DTAA/PID0096,976,1229,2205
DTAA/RHP0688,924,1279,2203
DTAA/EEK0031,690,1510,2200
DTAA/ZCH0336,690,1508,2198
DTAA/MCM0090,690,1504,2194
DTAA/WWC0894,690,1501,2191
DTAA/SKH0467,1002,1188,2190
DTAA/VIR0488,690,1498,2188
DTAA/PRB0568,690,1493,2183
DTAA/QGM0222,690,1489,2179
DTAA/RDG0335,690,1489,2179
DTAA/LSV0944,690,1487,2177
DTAA/KBP0188,690,1483,2173
DTAA/WTA0867,756,1415,2171
DTAA/RCW0436,690,1479,2169
DTAA/SAM0954,912,1252,2164
DTAA/SMW0913,690,1472,2162
DTAA/OSH0281,690,1469,2159
DTAA/TDW0348,690,1469,2159
DTAA/OXC0609,690,1460,2150
DTAA/LCL0792,690,1460,2150
DTAA/LLB0843,954,1195,2149
DTAA/ZBM0626,690,1458,2148
DTAA/SBK0108,690,1449,2139
DTAA/KJG0378,920,1213,2133
DTAA/GTJ0243,690,1432,2122
DTAA/TNB0740,742,1378,2120
DTAA/VMM0309,922,1198,2120
DTAA/KGC0456,690,1425,2115
DTAA/SGC0118,690,1422,2112
DTAA/SMD0773,690,1421,2111
DTAA/RES0962,794,1308,2102
DTAA/ZRR0705,690,1412,2102
DTAA/BFO0974,220,1874,2094
DTAA/SIR0586,690,1403,2093
DTAA/TER0923,690,1403,2093
DTAA/SCK0576,690,1389,2079
DTAA/RCF0540,690,1389,2079
DTAA/TQC0249,730,1345,2075
DTAA/VKB0605,690,1378,2068
DTAA/HPN0821,690,1378,2068
DTAA/VJD0704,690,1374,2064
DTAA/TIW0195,690,1374,2064
DTAA/VDP0070,690,1371,2061
DTAA/YJJ0129,862,1186,2048
DTAA/NBB0501,690,1355,2045
DTAA/HIP0929,690,1353,2043
DTAA/TLB0831,690,1352,2042
DTAA/WJR0592,690,1345,2035
DTAA/WDW0198,690,1344,2034
DTAA/WCB0440,690,1334,2024
DTAA/SSW0815,690,1319,2009
DTAA/NRH0276,690,1318,2008
DTAA/ICB0779,590,1416,2006
DTAA/JMR0906,690,1310,2000
DTAA/RDP0855,690,1287,1977
DTAA/MRS0395,690,1281,1971
DTAA/MZW0111,826,1135,1961
DTAA/TCH0230,690,1257,1947
DTAA/JLM0053,962,978,1940
DTAA/THS0006,690,1246,1936
DTAA/SOM0478,864,1070,1934
DTAA/PKH0542,854,1078,1932
DTAA/TFS0216,690,1242,1932
DTAA/THL0671,718,1207,1925
DTAA/TLB0017,824,1100,1924
DTAA/QLC0632,690,1232,1922
DTAA/SAS0433,690,1228,1918
DTAA/MRM0205,690,1224,1914
DTAA/LGA0042,690,1215,1905
DTAA/SHS0608,690,1212,1902
DTAA/ROM0419,690,1190,1880
DTAA/BNW0850,272,1584,1856
DTAA/TZB0870,690,1126,1816
DTAA/YCS0667,690,1125,1815
DTAA/SXH0895,734,977,1711
DTAA/AQG0678,334,1363,1697
DTAA/GML0105,812,773,1585
DTAA/RXM0204,885,681,1566
DTAA/CTR0537,741,796,1537
DTAA/BTH0004,331,1120,1451
DTAA/NAT0252,530,831,1361
DTAA/JLV0465,540,763,1303
DTAA/SEF0446,769,529,1298
DTAA/DAW0123,440,831,1271
DTAA/MGY0732,766,464,1230
DTAA/TCR0218,560,592,1152
DTAA/HER0860,466,678,1144
DTAA/LDM0318,520,581,1101
DTAA/AFF0760,184,895,1079
DTAA/CRM0058,342,710,1052
DTAA/NWT0708,476,520,996
DTAA/OUS0565,558,412,970
DTAA/KPB0665,370,474,844
DTAA/HDB0655,416,420,836
DTAA/DWF0128,445,390,835
DTAA/MST0883,332,451,783
DTAA/WFL0495,466,299,765
DTAA/DAW0199,292,444,736
DTAA/VMF0423,410,311,721
DTAA/AJC0399,189,486,675
DTAA/FTB0295,254,391,645
DTAA/BGW0009,118,519,637
DTAA/OLR0984,292,334,626
DTAA/TRT0979,322,302,624
DTAA/NDH0807,394,192,586
DTAA/RIG0024,272,294,566
DTAA/PBH0441,262,282,544
DTAA/LKY0181,319,202,521
DTAA/HNF0812,286,156,442
DTAA/LMJ0323,214,215,429
DTAA/SSV0560,206,200,406
DTAA/IJJ0342,166,232,398
DTAA/SAE0683,176,186,362
DTAA/IRH0176,142,63,205
DTAA/PDB0413,88,45,133
DTAA/RTH0376,88,41,129
DTAA/UGW0223,88,30,118
DTAA/MND0048,96,18,114
DTAA/JHN0241,67,22,89
DTAA/MRL0518,64,20,84
DTAA/JRM0902,48,17,65
DTAA/SES0660,38,5,43
DTAA/CIB0489,8,6,14
